Sign,Type,Votes
Keep Calm and Wyrm On.,community,11
Volunteers do it in the woods,original,10
Resonate responsibly.,community,8
The lower loop is shockingly grounded!,community,8
Burn the lump!,original,7
Vibrator renaissance?,community,7
My baby takes the morning train He works from nine till five and then He takes another home again To find me waitin' for him,community,7
There's probably an Emergency Porn about that!,original,4
Crime!,community,4
How many people speak at a time in a meeting?,community,4
WTF is Vibrant Resonance?!,community,4
WOAHHHH Sparkle Pony!,original,3
It's not feedback. It's resonance.,community,3
What is the sound of one buttcheek clapping?,original,2
All Glory To The Hypnodrome!,original,2
All the best news comes from a drunk shark on Esplanade,original,2
#HotDogWaterForLife,original,2
"For being Undisclosed, this Location is fairly prominent",original,2
Thank you Mark2!,original,2
Stop by Hellmouth Bakery for all your '90s Hot Topic needs,original,2
Thanks for being top notch weirdos!,original,2
Save your bad decisions for bootcamp,original,2
Redbeard's chest hair smells like bacon,original,2
#Ghostbusters on Repeat!,community,2
Where energy finds its echo,community,2
I'll show you a vibrating resonator!,community,2
The Witches Await,community,2
You are right where you need to be,community,2
So good that it hertz!,community,2
Large playground ahead! Slow down!,original,1
"We're not a cult anymore, we're a religion!",original,1
Disconnect with the Default and connect with what matters,original,1
"Take the Census, it's Critical!",original,1
"1. Everyone at this event loves to flirt, 2. Some flirt romantically, Some flirt with disaster 3. And some flirt with both.",original,1
Your Suffering Is Sacred,community,1
Feel the frequency,community,1
Come for the vibrance. Stay for the resonance.,community,1
Wrapture: The Kingdom of Heaven,community,1
"You guys, LOOK! TREES!",community,1
You're not done pooing 'til you pee a second time.,original,0
Welcome Newbies! Spankings Everyday at Noon,original,0
"There is no them, only all of US",original,0
Connecting through every vibration,community,0
"Like a tuning fork, but for people.",community,0
Make Vibrant Connections That Resonate With You,community,0
Every Voice. One Vibe.,community,0
Blatant Distractions By Comity,community,0
Beasts of the pleather floggin' together,community,0
