Sign,Type,Votes
The lower loop is shockingly grounded!,community,33
Volunteers do it in the woods,original,22
"For being Undisclosed, this Location is fairly prominent",original,21
Vibrator renaissance?,community,19
It's going to be lit. Responsibly.,community,17
There's probably an Emergency Porn about that!,original,16
Burn the lump!,original,15
Resonate responsibly.,community,15
Keep Calm and Wyrm On.,community,13
Unattended children will be put in the claw machine.,community,12
My baby takes the morning train He works from nine till five and then He takes another home again To find me waitin' for him,community,11
Redbeard's chest hair smells like bacon,original,11
It's not feedback. It's resonance.,community,11
"You guys, LOOK! TREES!",community,11
You should see it in the black light.,community,10
Do I need a pasty for my third nipple?,community,9
Stop by Hellmouth Bakery for all your '90s Hot Topic needs,original,9
Crime!,community,9
Be here now... by volunteering last year!,community,9
#HotDogWaterForLife,original,8
#Ghostbusters on Repeat!,community,8
How many people speak at a time in a meeting?,community,8
WTF is Vibrant Resonance?!,community,8
"Like a tuning fork, but for people.",community,8
"Looking for a parking pass, can pay full price.",community,8
Two Brats don't make a Dom,community,8
The gay agenda is brunch,community,8
I'll show you a vibrating resonator!,community,7
You are right where you need to be,community,7
WOAHHHH Sparkle Pony!,original,7
All the best news comes from a drunk shark on Esplanade,original,7
Save your bad decisions for bootcamp,original,7
"Love the MOOP you find, it just needs a little pick-me-up 💖",community,7
But have you checked the Lost and Found?,community,7
Don't read this sign,community,7
All Glory To The Hypnodrome!,original,6
"Slow down, you're already here!",community,6
You're not done pooing 'til you pee a second time.,original,6
Mmmmm...nothing hits like a ramen bacon dregs latte in the morning.,community,6
You have the face of a friend. Remind me your name!,community,6
This is the first sign of the rest of your life,community,6
What is the sound of one buttcheek clapping?,original,5
"1. Everyone at this event loves to flirt, 2. Some flirt romantically, Some flirt with disaster 3. And some flirt with both.",original,5
Come for the vibrance. Stay for the resonance.,community,5
They even have a clown town!,community,5
Large playground ahead! Slow down!,original,5
Emotional Meltdowns - not just for Black Rock City any more!,community,5
"FedHex: When it absolutely, positively has to be there sometime this week",community,5
I Y Q (say it aloud),community,5
Potatoes would go great with that,community,5
I'm coming to the cottage,community,5
Spacement: The Least Worst Plan For You!,community,5
"Take the Census, it's Critical!",original,4
So good that it hertz!,community,4
Thanks for being top notch weirdos!,original,4
Where energy finds its echo,community,4
Every Voice. One Vibe.,community,4
Hey. Glad you're here.,community,4
"Don't forget to lock the porto door, trust me on this one!",community,4
"Can you pick my wedgie for me, I'm waiting for my henna to dry.",community,4
It's going to be a Hot Boiz Summer!,community,4
Two days better than SOAK!!,community,4
FunNightish BaConsequences,community,4
"You may have literally, but you will not irreregardless",community,4
We talk about Bruno,community,4
Thank you Mark2!,original,3
Your Suffering Is Sacred,community,3
Feel the frequency,community,3
Make Vibrant Connections That Resonate With You,community,3
The Witches Await,community,3
Settle your disputes in Critical Court!,community,3
What is the situation with the grey water?,community,3
Where did Brian J Goldfarb go?,community,3
Burners are all-ages.,community,3
You're telling me someone marilized this leguana?,community,3
"We're not a cult anymore, we're a religion!",original,3
ground score,community,3
There's no present like the time.,community,3
U R A Q T,community,3
Let's get weird.,community,3
Weaponize doing it correctly,community,3
I'm pro-clown and I vote,community,3
You are wet hardware,community,3
"Just do your thang, baby smurf",community,3
There's a camp for that.,community,3
Big boys buy their own eyeliner,community,3
Gift harder!,community,3
Art is a verb,community,3
Don't honk if you dislike double negatives,community,3
Plot twist: you ARE the art,community,3
Welcome Newbies! Spankings Everyday at Noon,original,2
"There is no them, only all of US",original,2
Wrapture: The Kingdom of Heaven,community,2
"You could be at the World Cup, but instead you're here.",community,2
Who needs a shower when you have a river?,community,2
"Alright, who invited the cops?",community,2
I thought you had moved on! Back again?,community,2
Do Less Chad,community,2
They went that way,community,2
Free WiFi at the HUB.,community,2
"Don't put it down, put it away",community,2
Delete your account,community,2
Do You Wanna...read these signs?,community,2
Portajohns included for hotties with tummy troubles.,community,2
Plant trees for shade you'll never know,community,2
What do we want? Time travel! When do we want it? It doesn't really matter!,community,2
Hotties have IBS,community,2
"I used to do drugs. I still do, but I used to too.",community,2
Psychic Faire Cancelled Due to Unforeseen Circumstances,community,2
Your camp is probably that way,community,2
I didn’t recognize you with clothes on!,community,2
Our Cake is not a lie!,community,2
Disconnect with the Default and connect with what matters,original,1
Connecting through every vibration,community,1
"Let's just go for it, ya know? LIFE!",community,1
YOU'RE WELCOME!,community,1
"""Did you hear Jacques's back? ""Gawd, no, please make it stop!""",community,1
"It's not ""burnable,"" it's flammogenetic!",community,1
Will you bloody Mary me?,community,1
"Relax your jaw, breath deep, let go of it",community,1
Congratulations or I'm Sorry,community,1
Delete it immediately,community,1
No you are!,community,1
Just give her cheese,community,1
It's 8am somewhere,community,1
Your soapbox is an island,community,1
Birders without Borders,community,1
Paint over ads,community,1
Everyone is gonna love it!,community,1
Loquaciously articulated repartee,community,1
Transform into someone who gets those things you want,community,1
You're part plant and you bloom,community,1
Fearless Surrealist,community,1
Shut your mouth when you're talking to me,community,1
Everything's Fine!,community,1
You know what you are!,community,1
Beasts of the pleather floggin' together,community,1
Two wrongs don't make a right....But three rights make a left.,community,1
"Deeply capable, wildly unhinged",community,1
Deprioritize perfection,community,1
We all love propaganda,community,1
Monoculture is Hella Boring,community,1
"Sassy, Moody, Nasty",community,1
"If art is how we decorate space, music is how we decorate time",community,1
Honk if you forgot something important.,community,1
"If you can read this, you're going the right speed",community,1
Welcome to Cratical Northwust!,community,1
Can I borrow your travel bidet?,community,1
Blatant Distractions By Comity,community,0
Show me your .... !,community,0
Unattended Expectations Will Be Donated,community,0
"Trust me, I have magical foresight.",community,0
It wasn't me it was my OCD,community,0
Believe in yourself and take the risk,community,0
Go full powwow,community,0
Like it's your last day in the sun,community,0
Who’s your MoopDaddy?,community,0
